V5,V7,V11,V13,V14,V18,V19,V27,V32,Class
19,14,19,1,12,17,1,20,11,R5
19,14,19,19,9,18,1,20,17,R5
19,14,19,19,9,18,1,20,17,R5
19,14,19,19,9,18,1,20,17,R5
6,14,19,18,9,17,22,9,19,R5
6,14,19,18,9,17,22,9,19,R5
6,14,19,18,9,17,22,9,19,R5
19,14,22,9,7,1,6,7,1,R5
19,14,19,18,9,17,13,9,11,R5
19,14,19,8,9,17,19,22,17,R5
19,14,19,18,9,17,13,20,11,R5
19,14,19,19,9,18,20,9,17,R5
19,14,19,20,9,17,22,9,11,R5
19,14,19,20,9,17,22,9,18,R5
19,14,19,18,9,17,22,9,11,R5
19,14,19,18,9,17,22,9,11,R5
19,14,19,18,9,17,22,9,11,R5
19,14,19,1,9,1,1,9,11,R5
19,14,19,18,9,17,22,9,11,R5
19,14,19,20,9,24,22,24,24,R5
1,14,19,20,13,17,22,9,11,R5
3,14,19,18,9,17,22,9,19,R5
4,14,19,20,13,18,22,9,11,R5
6,14,19,18,9,17,22,9,19,R5
6,14,19,18,9,17,22,22,17,R5
6,14,7,8,9,17,22,9,11,R5
6,14,19,8,9,17,1,9,17,R5
6,14,19,14,9,17,22,9,11,R5
6,14,19,20,13,17,22,9,11,R5
6,14,19,20,9,17,22,9,11,R5
6,14,19,20,22,17,22,9,11,R5
6,14,19,8,9,17,22,9,1,R5
7,14,19,20,18,17,22,9,11,R5
7,14,19,20,9,11,22,7,1,R5
14,14,7,8,9,17,22,22,17,R5
14,14,19,20,9,17,22,9,18,R5
19,14,7,20,9,17,22,9,17,R5
19,14,19,8,13,17,22,9,11,R5
19,14,19,8,13,17,22,20,11,R5
19,14,19,7,9,1,22,9,11,R5
19,14,7,8,9,17,22,9,18,R5
19,8,19,19,6,17,1,9,11,R5
19,11,19,18,9,17,22,9,11,R5
19,14,19,20,9,17,22,9,11,R5
19,14,19,20,13,17,22,9,11,R5
19,14,19,16,9,17,1,9,19,R5
19,14,19,18,9,17,22,11,11,R5
19,14,19,14,9,18,1,22,17,R5
19,14,7,18,9,17,22,20,11,R5
19,14,19,14,9,17,1,9,17,R5
19,14,19,14,9,17,1,9,17,R5
19,14,19,20,9,17,22,9,18,R5
19,14,19,20,13,18,22,22,11,R5
19,14,19,16,9,17,22,9,17,R5
19,14,19,18,9,17,22,20,11,R5
19,14,19,18,9,17,24,9,17,R5
19,14,19,16,9,17,22,9,17,R5
19,14,7,8,9,17,22,9,11,R5
19,14,7,14,9,18,1,20,17,R5
19,14,7,20,9,17,22,9,11,R5
19,14,7,20,9,17,22,9,11,R5
19,14,7,8,9,17,20,9,11,R5
19,14,18,20,13,11,22,22,11,R5
19,14,19,1,9,17,12,9,11,R5
19,14,19,1,13,17,22,9,11,R5
19,14,19,7,13,17,20,9,17,R5
19,14,19,8,9,17,1,9,17,R5
19,14,19,8,9,17,22,9,17,R5
19,14,19,8,9,17,22,9,19,R5
19,14,19,8,9,17,22,9,18,R5
19,14,19,8,9,17,22,20,11,R5
19,14,19,14,9,8,22,9,11,R5
19,14,19,14,9,17,13,9,18,R5
19,14,19,14,9,17,22,9,11,R5
19,14,19,14,9,17,22,9,11,R5
19,14,19,14,9,17,22,9,18,R5
19,14,19,14,9,17,22,9,11,R5
19,14,19,14,9,18,1,20,17,R5
19,14,19,14,9,18,22,9,11,R5
19,14,19,14,9,17,22,9,17,R5
19,14,19,14,13,11,22,9,11,R5
19,14,19,14,13,18,20,9,17,R5
19,14,19,16,9,17,1,9,11,R5
19,14,19,16,9,17,22,9,11,R5
19,14,19,16,9,17,22,9,11,R5
19,14,19,16,9,18,1,9,17,R5
19,14,19,16,9,18,1,9,17,R5
19,14,19,16,9,18,1,20,17,R5
19,14,19,16,13,17,22,9,11,R5
19,14,19,18,9,17,1,9,11,R5
19,14,19,18,9,17,12,9,17,R5
19,14,19,18,9,17,13,9,11,R5
19,14,19,18,9,17,13,9,11,R5
19,14,19,18,9,17,22,9,11,R5
19,14,19,19,6,17,1,9,11,R5
19,14,19,19,9,17,1,9,17,R5
19,14,19,19,9,17,22,9,11,R5
19,14,19,19,9,18,1,20,17,R5
19,14,19,19,13,17,22,20,18,R5
19,14,19,20,9,11,22,9,11,R5
19,14,19,20,9,17,12,9,11,R5
19,14,19,20,9,17,12,9,19,R5
19,14,19,20,9,17,22,9,11,R5
19,14,19,20,9,17,22,9,11,R5
19,14,19,20,9,17,22,9,11,R5
19,14,19,20,9,17,22,9,11,R5
19,14,19,20,9,17,22,9,17,R5
19,14,19,20,9,17,22,9,18,R5
19,14,19,20,9,17,22,20,11,R5
19,14,19,20,9,17,22,20,11,R5
19,14,19,20,9,17,22,9,11,R5
19,14,19,20,9,17,22,9,17,R5
19,14,19,20,9,17,22,20,11,R5
19,14,19,20,9,17,22,9,11,R5
19,14,19,20,9,17,22,9,11,R5
19,14,19,20,9,17,22,9,17,R5
19,14,19,20,9,17,22,9,11,R5
19,14,19,20,9,17,22,20,11,R5
19,14,19,20,9,17,22,9,18,R5
19,14,19,20,9,18,20,9,17,R5
19,14,19,20,9,18,22,9,11,R5
19,14,19,20,9,17,22,9,11,R5
19,14,19,20,13,17,1,9,11,R5
19,14,19,20,13,17,22,9,11,R5
19,14,19,20,20,18,9,9,17,R5
19,14,19,20,22,17,22,20,11,R5
19,14,19,20,9,17,22,9,11,R5
19,14,19,20,9,18,22,20,11,R5
19,14,19,19,9,17,22,9,11,R5
19,14,19,20,9,17,22,9,17,R5
19,14,19,20,9,17,22,20,11,R5
19,14,19,20,9,17,22,22,11,R5
19,14,19,20,9,17,22,9,11,R5
19,14,19,20,9,17,22,20,11,R5
19,14,19,18,9,17,22,9,11,R5
19,14,19,18,9,17,22,9,11,R5
19,14,19,18,9,17,22,9,11,R5
19,14,19,20,9,17,20,9,11,R5
19,14,19,20,9,17,22,20,11,R5
19,14,19,8,9,17,22,9,18,R5
19,14,19,14,9,17,22,9,11,R5
19,14,19,18,9,17,13,9,11,R5
19,14,19,18,9,17,13,9,11,R5
19,14,19,18,9,17,22,20,11,R5
19,14,19,18,9,17,22,9,18,R5
19,14,19,20,9,17,9,9,17,R5
19,14,19,20,9,17,22,9,11,R5
19,14,19,20,9,17,22,9,17,R5
19,14,19,20,9,17,22,9,17,R5
19,14,19,24,9,18,24,9,11,R5
19,14,19,18,9,17,20,9,17,R5
19,14,19,18,9,17,22,20,11,R5
19,14,19,24,9,17,22,9,11,R5
19,14,19,18,9,17,22,9,11,R5
19,14,19,18,9,17,22,20,11,R5
19,14,7,8,9,17,22,9,11,R5
19,14,19,14,9,17,22,9,11,R5
24,14,19,18,9,17,22,24,24,R5
24,14,19,20,9,17,22,9,11,R5
25,14,19,20,9,17,22,9,11,R5
25,14,19,8,9,17,1,9,11,R5
25,14,19,18,9,17,24,9,18,R5
19,14,19,8,9,17,22,9,11,R5
19,14,19,8,9,17,22,9,11,R5
6,14,19,18,9,17,22,9,19,R5
19,14,19,24,24,17,13,9,11,R5
25,14,11,20,13,8,22,9,11,X4
1,11,18,20,9,11,22,20,11,X4
6,14,19,18,9,18,22,11,11,X4
6,24,18,20,18,18,22,22,11,X4
6,11,19,18,9,17,22,14,18,X4
6,11,19,18,9,18,22,20,18,X4
6,14,19,18,9,18,22,20,18,X4
6,14,19,18,9,18,22,20,18,X4
6,14,19,18,9,18,22,20,18,X4
6,14,19,18,9,18,22,20,18,X4
6,14,19,18,9,18,22,12,18,X4
6,14,19,18,9,18,22,20,18,X4
6,14,19,18,9,18,22,20,11,X4
6,14,19,18,9,18,22,20,18,X4
6,14,19,7,9,17,22,9,18,X4
6,14,19,7,22,17,22,9,18,X4
6,14,19,18,9,17,1,22,18,X4
6,14,19,18,9,17,22,20,18,X4
6,14,19,18,9,17,22,9,18,X4
6,25,19,18,9,17,22,20,11,X4
6,24,19,20,18,8,22,22,11,X4
6,24,19,20,18,25,22,22,11,X4
6,14,18,19,9,17,22,20,11,X4
6,14,18,19,9,18,22,20,11,X4
9,24,7,20,18,18,22,20,11,X4
14,11,19,18,9,17,22,20,11,X4
19,14,18,20,13,18,22,22,11,X4
19,8,18,20,13,18,22,20,11,X4
19,11,19,18,9,17,22,20,11,X4
19,11,18,20,9,18,22,13,11,X4
19,14,18,20,13,18,22,9,11,X4
19,14,18,20,12,18,22,9,11,X4
19,16,18,20,13,18,22,9,17,X4
19,16,18,20,13,18,22,20,11,X4
19,16,18,20,13,18,22,20,11,X4
19,16,18,20,13,18,22,20,11,X4
19,18,18,20,13,8,22,20,11,X4
19,20,18,20,13,18,22,20,11,X4
19,24,19,18,9,17,22,1,11,X4
25,24,18,20,18,11,22,9,11,X4
25,14,11,20,13,18,22,11,13,X4
25,24,18,20,18,11,22,9,11,X4
25,19,18,19,9,17,22,11,11,X4
25,24,11,20,18,18,22,20,11,X4
25,14,19,18,9,17,1,9,18,X4
25,14,19,18,9,17,1,9,18,X4
25,14,19,18,9,17,1,22,18,X4
25,14,19,18,9,17,1,9,18,X4
25,14,19,18,9,17,1,22,18,X4
25,20,19,18,9,17,1,22,18,X4
